tile_id,uid,gt_label,pred_label,reasoning,key_evidence,considered_classes,destroyed_gate_passed,why_not_destroyed,why_destroyed,confidence,latency_ms,tokens_used,model,parse_error,filter_applied
santa-rosa-wildfire_00000001,ea7c243e-d1eb-4609-968b-deef639d1bb3,no-damage,no-damage,,Building is still standing and recognizable.; No significant structural changes observed.; Surrounding vegetation remains intact.,minor-damage; no-damage,False,The building retains its structure and footprint; no criteria for destruction are met.,,high,4545.1,17854,direct/gpt-4o-mini,,
santa-rosa-wildfire_00000012,dd37683a-5e21-4eca-a08a-704b10c7f560,destroyed,no-damage,,No visible structural change between the before and after images.; The building footprint remains identifiable and intact.,no-damage; minor-damage,False,The destroyed gate criteria were not met; there is no evidence of rubble or significant structural damage.,,high,4012.7,17854,direct/gpt-4o-mini,,
santa-rosa-wildfire_00000012,5a65a158-8cdc-44c5-b397-b29dabaa17c8,no-damage,minor-damage,,No visible structural collapse in the building; Roof appears mostly intact with minor changes; Building still standing and recognizable,no-damage; minor-damage,False,The building structure is still standing with no signs of major collapse or destruction.,,high,3712.6,17860,direct/gpt-4o-mini,,
santa-rosa-wildfire_00000019,01736adb-a309-4859-b55d-91a1be740893,no-damage,no-damage,,Building structure is intact and mostly unchanged.; No signs of significant burn or collapse.; Roof and walls appear to be in place.,no-damage; minor-damage,False,The destroyed gate failed because there are no visible criteria indicating complete structural loss.,,high,3804.1,17863,direct/gpt-4o-mini,,
santa-rosa-wildfire_00000028,9c8d4526-29be-4fa0-a8d1-6f3bb23dd990,destroyed,major-damage,,Large portions of the building roof are missing; Building walls appear partially collapsed; There is significant debris around the structure,major-damage; destroyed,False,"Although there is significant damage and debris, the building footprint is still recognizable and not entirely in rubble.",,high,3776.9,17865,direct/gpt-4o-mini,,
santa-rosa-wildfire_00000028,36995d89-0058-4c66-8cc8-f482ac22a03f,no-damage,no-damage,,Building appears mostly intact with visible structure in the AFTER image.; No significant debris or rubble around the building in the AFTER image.,no-damage; minor-damage,False,The building structure is mostly intact with no signs of large-scale damage or collapse.,,high,2852.1,17858,direct/gpt-4o-mini,,
santa-rosa-wildfire_00000052,0d070337-edb0-48de-951e-8cc8cc46409e,major-damage,major-damage,,"Building footprint appears mostly as rubble and ash.; Roof is completely gone, with interior fully exposed.; Walls are largely collapsed with no recognizable structure.",destroyed; major-damage,False,"Only one destroyed criterion is clearly visible; the roof is completely gone, but not enough structural collapse is seen to classify it as destroyed.",,high,4209.1,17877,direct/gpt-4o-mini,,
santa-rosa-wildfire_00000052,3a8b6ad9-6b4c-496b-a5a7-2739832a848e,no-damage,destroyed,,Building footprint is mostly rubble and debris.; Structure appears flattened with no recognizable walls.; Roof is completely gone and interior is exposed.,destroyed; major-damage,True,,At least 2 criteria for destruction are visible: footprint is rubble and roof completely gone.,high,3873.3,17867,direct/gpt-4o-mini,,
santa-rosa-wildfire_00000068,0616ff21-9bd6-443e-bb33-f08000b6b822,minor-damage,no-damage,,"Structure still standing and mostly intact.; No major loss of roof or walls detected.; Minor discoloration around the structure, but no significant debris.",minor-damage; no-damage,False,"The building maintains its recognizable shape and structure, with no significant destruction evident.",,high,3078.1,17862,direct/gpt-4o-mini,,
santa-rosa-wildfire_00000068,abfe84cc-75f8-4cfe-8825-91aac410ae56,destroyed,no-damage,,No visible structural change in the building.; The outline of the target building remains intact.,no-damage; minor-damage,False,The building shows no signs of destruction or significant damage.,,high,3306.7,17849,direct/gpt-4o-mini,,
santa-rosa-wildfire_00000074,bd7244db-490a-4322-9975-fee27da31d11,no-damage,no-damage,,Building structure appears mostly intact.; No significant alteration in roof structure.; No visible debris or collapse around the building.,no-damage; minor-damage,False,The building shows no evidence of complete structural loss or significant damage.,,high,2712.7,17858,direct/gpt-4o-mini,,
santa-rosa-wildfire_00000074,b8e47995-c3d0-442d-a7f0-098b35a7d130,no-damage,no-damage,,No visible structural changes observed.; Building remains intact with no signs of damage.; Roof appears undamaged.,no-damage; minor-damage,False,There are no signs of significant damage that meet the criteria for destruction.,,high,2895.9,17852,direct/gpt-4o-mini,,
santa-rosa-wildfire_00000074,97b46999-8594-4a27-8825-7d8718bec9f1,no-damage,no-damage,,Building appears structurally intact with no major visible damage.; Roof and walls remain mostly in place.; No significant debris or collapse observed around the structure.,no-damage; minor-damage,False,The building remains standing and shows no signs of complete structural loss.,,high,3010.7,17860,direct/gpt-4o-mini,,
santa-rosa-wildfire_00000085,c2c9f1b9-5ba3-4d31-8ae2-412b6d895eef,no-damage,no-damage,,Building structure appears intact with no major structural loss.; No visible debris or collapse observed in the building footprint.,no-damage; minor-damage,False,The structure remains largely intact with no significant damage visible.,,high,3740.9,17848,direct/gpt-4o-mini,,
santa-rosa-wildfire_00000089,88936f15-dedd-4aee-971e-ba88b0043ac2,major-damage,no-damage,,Structure appears intact with no visible damage.; No debris or rubble around the building.,no-damage; minor-damage,False,The building structure remains intact with no evidence of serious structural damage.,,high,3148.7,17845,direct/gpt-4o-mini,,
santa-rosa-wildfire_00000100,684d9f8a-4307-40e1-a6ac-0472c93c5793,minor-damage,major-damage,,Significant portions of the roof are missing.; The footprint shows signs of heavy burn damage.; Walls appear partially collapsed.,major-damage; destroyed,False,"Only partial roof loss and wall damage visible, but structure is still recognizable.",,medium,3752.4,17855,direct/gpt-4o-mini,,
santa-rosa-wildfire_00000102,fa2a7749-e8d8-432a-b0c8-2a50c25f159f,destroyed,major-damage,,"Significant debris field visible where the building used to stand.; Roofing material scattered, indicating major damage.; Only parts of the building structure are still somewhat recognizable.",major-damage; destroyed,False,"The building footprint is not mostly rubble or ash; recognizable portions remain, and not enough criteria for destroyed were met.",,high,3078.4,17873,direct/gpt-4o-mini,,
santa-rosa-wildfire_00000102,5131fe18-7985-4c52-8c74-d03557accf93,destroyed,no-damage,,The building appears largely intact with no visible structural collapse.; Roof and walls remain standing with no signs of total destruction.,no-damage; minor-damage,False,The building did not meet the criteria for destroyed as there is no rubble or structural loss indicating total collapse.,,high,6884.5,17865,direct/gpt-4o-mini,,
santa-rosa-wildfire_00000141,83ed8267-a181-4b7c-a02f-e0d478ae295f,major-damage,minor-damage,,Building footprint remains intact; Only minor changes visible on the roof; No signs of complete destruction or significant collapse,no-damage; minor-damage,False,The building shows no signs of complete loss or major structural damage; it remains intact.,,high,2924.9,17862,direct/gpt-4o-mini,,
santa-rosa-wildfire_00000141,244c1111-cc95-4344-82a4-02d5ba4a76d0,major-damage,minor-damage,,"Roof partially affected with some dark spots; Small debris nearby, but structure remains standing; Building footprint is largely recognizable",minor-damage; major-damage,False,"The building retains its overall structure and footprint, with only minor damage visible.",,medium,3712.6,17856,direct/gpt-4o-mini,,
santa-rosa-wildfire_00000144,994581da-1128-4f01-a07e-796570833db3,no-damage,no-damage,,Building structure remains largely intact; No visible rubble or debris field around the building; Roof appears mostly unchanged,no-damage; minor-damage,False,The building shows no signs of collapse or major structural loss.,,high,3678.6,17851,direct/gpt-4o-mini,,
santa-rosa-wildfire_00000145,a073d8e8-46c1-4433-9df1-0d46b82ff41f,no-damage,no-damage,,No visible structural changes between BEFORE and AFTER images.; The building appears intact and standing.,no-damage; minor-damage,False,There is no evidence of significant damage or destruction.,,high,2452.1,17848,direct/gpt-4o-mini,,
santa-rosa-wildfire_00000145,03651173-e2bc-47c6-bed4-0d732a6b4509,no-damage,no-damage,,Building structure appears mostly intact.; No significant loss of roof or walls.; No visible rubble or debris around the building.,no-damage; minor-damage,False,"The building remains intact without significant loss or damage; therefore, it does not qualify as destroyed.",,high,2908.9,17860,direct/gpt-4o-mini,,
santa-rosa-wildfire_00000145,aa3159c2-3ada-418d-abe2-fef498460a73,no-damage,no-damage,,Building is still standing and mostly intact.; No visible structural collapse or extensive damage.; Minimal external changes observed.,no-damage; minor-damage,False,The building remains structurally intact with no complete loss or significant collapse.,,high,3761.3,17858,direct/gpt-4o-mini,,
santa-rosa-wildfire_00000145,8f15b565-c398-4a51-9b33-99f5137ccc6c,no-damage,no-damage,,Building footprint appears largely intact.; No significant structural collapse evident.; Some green vegetation indicates no extensive fire damage.,no-damage; minor-damage,False,"The building is still standing, with no visible collapse or significant damage to the structure.",,high,2569.2,17857,direct/gpt-4o-mini,,
santa-rosa-wildfire_00000145,2d0e92a8-1573-4e54-9bf0-915dfbff731a,no-damage,no-damage,,Building remains intact with no visible structural loss.; No significant burn marks or debris surrounding the structure.,no-damage; minor-damage,False,"The building structure is clearly still standing and intact, with no signs of destruction.",,high,2504.0,17856,direct/gpt-4o-mini,,
santa-rosa-wildfire_00000181,94c0086d-7d2b-4294-aa62-3927c30d9cd3,destroyed,major-damage,,Heavy burn and charring visible on the exterior.; Partial collapse of walls in certain areas.; Structure clearly still standing and recognizable.,major-damage; minor-damage,False,"The building footprint is still recognizable and not completely in rubble, and not enough evidence of total loss was visible.",,medium,5407.8,17866,direct/gpt-4o-mini,,
santa-rosa-wildfire_00000181,f0d9d8f7-03eb-4d04-b2ad-6eecf8c62fc7,no-damage,no-damage,,Building maintains overall shape and footprint.; No visible debris or rubble indicating complete loss.; No significant structural collapse observed.,no-damage; minor-damage,False,The building's structure remains largely intact; no criteria for destruction met.,,high,2722.6,17854,direct/gpt-4o-mini,,
santa-rosa-wildfire_00000184,84dd658e-e2ca-4cf8-a521-e2d6590b0d34,no-damage,no-damage,,Building structure still standing and visible.; No significant debris around the building.; No major missing parts of the roof or walls.,no-damage; minor-damage,False,The building remains intact with no evidence of complete structural loss.,,high,2962.4,17859,direct/gpt-4o-mini,,
santa-rosa-wildfire_00000184,dd849bc2-5df9-4428-85dc-ccea1c2a28e6,no-damage,no-damage,,Building structure still standing.; No significant structural damage visible.; Roof appears intact.,no-damage; minor-damage,False,The building is still standing with no collapsed walls or significant loss of structure.,,high,2577.3,17853,direct/gpt-4o-mini,,
santa-rosa-wildfire_00000217,06138b8a-84f9-4cad-a500-ff268365e857,minor-damage,minor-damage,,Roof appears partially intact with some damage.; Building footprint is still recognizable.; No major structural collapse observed.,minor-damage; major-damage,False,The destroyed gate criteria were not met; the roof is mostly intact and the structure remains recognizable.,,high,3444.5,17862,direct/gpt-4o-mini,,
santa-rosa-wildfire_00000217,bf9a672e-75d4-4e54-a917-e9615d4961d9,major-damage,minor-damage,,Roof partially damaged with visible scorch marks.; Structure mostly intact with minor debris around.,minor-damage; major-damage,False,"The building is still standing and recognizable, with no complete loss of structure.",,high,3797.7,17847,direct/gpt-4o-mini,,
santa-rosa-wildfire_00000217,4bdca7dd-e646-4329-a2c4-f12e57107d09,minor-damage,no-damage,,No visible structural changes between images.; Green vegetation is intact around the building.; Building footprint remains recognizable.,no-damage; minor-damage,False,There are no signs of significant damage or destruction.,,high,4114.7,17848,direct/gpt-4o-mini,,
santa-rosa-wildfire_00000236,f110364a-e501-42c9-bbf7-a006e37e237a,no-damage,no-damage,,Building remains standing and intact; No visible debris or significant structural changes; No scorch marks or fire damage evident,no-damage; minor-damage,False,The building is intact and shows no signs of being destroyed.,,high,2888.7,17857,direct/gpt-4o-mini,,
santa-rosa-wildfire_00000242,4cc87708-05e3-4376-b57a-332338ff8217,destroyed,minor-damage,,"Roof partially affected with visible discoloration; No significant structural loss, building outline mostly recognizable",minor-damage; major-damage,False,"The building structure is still standing and recognizable, with only surface damage visible.",,high,2340.2,17849,direct/gpt-4o-mini,,
santa-rosa-wildfire_00000273,f4954729-79f1-401d-85de-d52798c9b4ff,destroyed,minor-damage,,Structure appears largely intact with some visible discoloration.; No significant debris field around the building.,minor-damage; major-damage,False,The building shows no evidence of complete structural loss or significant destruction.,,medium,3144.9,17852,direct/gpt-4o-mini,,
santa-rosa-wildfire_00000273,78fa38e6-6bd3-4217-86c9-15648bb0924c,major-damage,no-damage,,Building appears to be mostly intact in the AFTER image.; No significant structural loss is visible.; Surrounding vegetation remains largely undisturbed.,no-damage; minor-damage,False,The building retains its shape and structure without signs of total collapse or extensive damage.,,high,4213.2,17863,direct/gpt-4o-mini,,
santa-rosa-wildfire_00000273,05457496-2673-400c-835d-8a76970e0110,no-damage,major-damage,,Roof partially affected with visible damage; Structure still standing but shows signs of fire exposure; Some debris is present nearby,major-damage; minor-damage,False,The building shows partial damage but retains its structure without complete loss.,,medium,3648.6,17859,direct/gpt-4o-mini,,
santa-rosa-wildfire_00000284,b220fc9c-159c-48f3-9b88-ce80e07f0609,no-damage,no-damage,,Building footprint remains intact.; Roof appears undamaged.; No visible structural collapse.; Overall structure remains standing.,no-damage; minor-damage,False,"The building remains structurally intact, with no evidence of collapse or total destruction.",,high,3289.9,17857,direct/gpt-4o-mini,,
santa-rosa-wildfire_00000284,8236d377-d792-4172-965f-b42f4f2d25c6,no-damage,major-damage,,Roof appears to have some sections missing.; Significant burn marks visible on the walls.; Structure still has recognizable footprint.,major-damage; minor-damage,False,"The building structure is still recognizable and standing, not meeting the criteria for destroyed.",,high,3156.4,17857,direct/gpt-4o-mini,,
santa-rosa-wildfire_00000305,c66f00ae-c1dc-4749-ad9e-0e83e79cfb39,minor-damage,no-damage,,Building structure remains visible; No significant debris around the foundation; Roof and walls largely intact,no-damage; minor-damage,False,"The building structure remains standing and recognizable, with no critical damage visible.",,high,2975.3,17855,direct/gpt-4o-mini,,
santa-rosa-wildfire_00000328,5f5a02eb-3971-4b6c-b6b0-05fcf852e608,no-damage,minor-damage,,Roof partially affected with visible damage; Building structure appears intact,minor-damage; major-damage,False,The building is still standing and doesn't meet the criteria for destroyed status.,,medium,3138.4,17843,direct/gpt-4o-mini,,
santa-rosa-wildfire_00000343,91b889e6-4015-4e8b-8060-1fbd8724c64e,destroyed,no-damage,,No visible structural changes between images.; Building appears mostly intact.; No evident signs of significant damage.,no-damage; minor-damage,False,The building shows no structural loss or significant damage in the AFTER image.,,high,3617.5,17847,direct/gpt-4o-mini,,
santa-rosa-wildfire_00000350,4b7e717d-aadf-4254-86c6-6c47a829ee75,no-damage,no-damage,,The building is still standing and recognizable.; No significant structural changes are visible.; There are no signs of collapse or extensive damage.,no-damage; minor-damage,False,The building is clearly intact with no major structural damage visible.,,high,3916.2,17856,direct/gpt-4o-mini,,
santa-rosa-wildfire_00000354,e6d660da-e539-48b3-aff0-4b42792b0ba2,minor-damage,no-damage,,Structure appears largely intact.; No significant debris or structural loss visible.; Roof remains mostly covered without major alteration.,no-damage; minor-damage,False,"The building retains its shape and structure, showing no signs of complete loss.",,high,3588.9,17859,direct/gpt-4o-mini,,
santa-rosa-wildfire_00000354,07b67b1f-3249-4a41-aab3-1c0a2e6f2277,destroyed,destroyed,,Building footprint is mostly rubble and debris.; Roof completely gone with most of the interior exposed.; Walls are largely collapsed.; Only debris field remains where structure previously stood.,destroyed; major-damage,True,,All criteria for destroyed were clearly visible in the AFTER image.,high,3951.9,17870,direct/gpt-4o-mini,,
santa-rosa-wildfire_00000358,e75dd4b8-f527-4a6e-85a9-436ab67c226b,major-damage,minor-damage,,Building structure is intact with no major pieces missing.; No signs of collapse or structural failure.; Only superficial or partial damage is visible.,no-damage; minor-damage,False,The building remains structurally intact with no complete loss of roof or walls.,,high,2947.6,17864,direct/gpt-4o-mini,,
santa-rosa-wildfire_00000359,05ed69f8-f1a8-49bf-b011-460e45ae7490,no-damage,no-damage,,Building footprint appears mostly intact.; No significant structural collapse observed.; Roof structure is still present.,no-damage; minor-damage,False,The building remains standing with a recognizable footprint and no major structural loss.,,high,2527.6,17855,direct/gpt-4o-mini,,
santa-rosa-wildfire_00000360,abd9ceac-6300-4871-a4f4-3963d5e00e9d,no-damage,no-damage,,"Building structure remains intact with no visible rubble.; Roof appears unaffected, maintaining its shape.; No large portions of walls are missing.",no-damage; minor-damage,False,The building structure is still standing with no visible signs of total loss.,,high,2880.4,17857,direct/gpt-4o-mini,,
santa-rosa-wildfire_00000367,3fda60ec-dc58-4e24-8220-4305a78ba06b,no-damage,no-damage,,No visible structural change between BEFORE and AFTER images.; Building remains intact without significant damage.,no-damage; minor-damage,False,The building is intact and shows no evidence of significant damage.,,high,3017.6,17845,direct/gpt-4o-mini,,
socal-fire_00000031,269c5e8f-9f6a-436e-873e-a57557f549c7,no-damage,no-damage,,Building structure remains intact; No visible significant damage; Roof appears undamaged; Overall structure looks unchanged,no-damage; minor-damage,False,There are no visible criteria indicating complete structural loss.,,high,3834.6,17850,direct/gpt-4o-mini,,
socal-fire_00000049,29d7dc81-2513-4584-be76-a85aed89c926,no-damage,minor-damage,,Roof appears partially affected.; Some debris visible around the building.,minor-damage; major-damage,False,The building structure is still standing and mostly intact with only superficial or partial damage visible.,,medium,3351.6,17850,direct/gpt-4o-mini,,
socal-fire_00000049,9e4eacdc-b44a-4191-821e-9cdc1a73b0e4,no-damage,no-damage,,Building appears intact without significant structural changes.; No debris or rubble present surrounding the structure.,no-damage; minor-damage,False,The building shows no signs of complete structural loss or significant damage.,,high,2605.8,17846,direct/gpt-4o-mini,,
socal-fire_00000049,8bdca4e7-9edc-4344-a285-9e4604af41d1,destroyed,major-damage,,Building roof is completely missing in the AFTER image.; The structure's footprint is predominantly rubble and debris.,major-damage; destroyed,False,"Only one destroyed criteria is clearly visible; the roof is gone, but walls may still be partially standing.",,high,3032.9,17861,direct/gpt-4o-mini,,
socal-fire_00000137,0e613658-9e23-49db-b8ba-96b1beceda38,no-damage,no-damage,,No visible structural changes between the two images.; The building footprint appears intact.,no-damage; minor-damage,False,The building remains intact without any significant damage.,,high,3156.0,17845,direct/gpt-4o-mini,,
socal-fire_00000137,b6cd4ba1-e2aa-45ec-bcd1-7b8c6984c53d,no-damage,no-damage,,No significant structural damage visible; The building footprint appears mostly intact; No debris or rubble around the building,no-damage; minor-damage,False,The building shows no criteria for being classified as destroyed.,,high,2776.1,17846,direct/gpt-4o-mini,,
socal-fire_00000145,6f0faa1c-c842-4180-9bcb-d7664cb538fc,major-damage,no-damage,,"No visible structural collapse or loss of roof; Building footprint remains intact; Surrounding area shows signs of damage, but structure appears unaffected",no-damage; minor-damage,False,The building shows no significant damage or loss of structural integrity.,,high,2945.8,17858,direct/gpt-4o-mini,,
socal-fire_00000145,be5bc805-e763-487f-ad1c-cd5217c1da87,major-damage,no-damage,,The building structures remain intact without significant visible damage.; No large portions of roof are missing.; All walls appear standing.,no-damage; minor-damage,False,The building structure remains intact and recognizable. There is no visible total collapse or significant loss of the roof or walls.,,high,2934.5,17865,direct/gpt-4o-mini,,
socal-fire_00000145,976e2ad2-ec5d-42eb-a020-b60b7768310f,major-damage,major-damage,,Large portions of the roof are missing.; Significant discoloration and burn marks visible.; Walls appear to be severely damaged.,major-damage; destroyed,False,The building footprint is still recognizable as a structure and not completely rubble or ash.,,medium,3288.6,17857,direct/gpt-4o-mini,,
socal-fire_00000170,998722b7-0e84-4d34-8772-ae0f978fb963,destroyed,major-damage,,Roof appears mostly gone or heavily damaged; Building structure is no longer recognizable,major-damage; destroyed,False,"The building footprint is not mostly rubble or a debris field, and some structure is recognizable.",,medium,3628.8,17849,direct/gpt-4o-mini,,
socal-fire_00000190,57c5e8cd-f4e7-454d-8bde-a2265f48f272,no-damage,no-damage,,No significant structural loss visible; Building still retains recognizable shape and footprint; No evidence of collapsed walls or missing roof in AFTER image,minor-damage; no-damage,False,The structure is still recognizable with no evident collapse or complete loss.,,high,2958.4,17857,direct/gpt-4o-mini,,
socal-fire_00000202,b35f137d-72b4-4f3a-95e5-085bdc0e7aa3,destroyed,no-damage,,Structure appears mostly intact.; No significant collapse or debris around.; Building footprint remains recognizable.,no-damage; minor-damage,False,The building shows no signs of complete structural loss or major damage.,,high,2393.0,17849,direct/gpt-4o-mini,,
socal-fire_00000202,f04c5063-3d26-4b67-b6ae-a9ad2f9b29b3,destroyed,major-damage,,Roof appears heavily damaged with significant missing sections.; Structure is still partially standing but shows signs of severe charring.,major-damage; destroyed,False,"The building still has recognizable parts and is standing, not fully collapsed or in rubble.",,high,2628.4,17859,direct/gpt-4o-mini,,
socal-fire_00000202,993f23a5-09b2-4578-9f02-2206d71b7836,destroyed,minor-damage,,Building remains standing.; No major structural collapse observed.; Some scorch marks visible nearby.,no-damage; minor-damage,False,There is no evidence of major destruction; the structure is still intact.,,medium,3275.8,17849,direct/gpt-4o-mini,,
socal-fire_00000229,6096a976-78a7-4f3b-a952-c391580bf044,destroyed,destroyed,,"Building footprint is mostly rubble and debris.; Roof is completely gone and interior is exposed.; Walls are largely collapsed, structure is not recognizable.",major-damage; destroyed,True,,At least 2 out of the 4 criteria passed: the building is mostly rubble and the roof is completely gone.,high,3857.1,17875,direct/gpt-4o-mini,,
socal-fire_00000235,824ca4e9-109c-44e3-a923-84d5172f3f14,destroyed,major-damage,,Building appears heavily scorched.; Significant loss of structure recognizable but not complete.; Parts of the building footprint are still visible.,major-damage; destroyed,False,"The building footprint is still recognizable, and while there is significant damage, it has not completely collapsed.",,high,3532.8,17867,direct/gpt-4o-mini,,
socal-fire_00000235,27df2dcc-71d9-4fd3-94d8-1ee628afe049,destroyed,no-damage,,Building appears mostly intact with no significant debris around.; No major structural changes are visible.; The outline of the building remains recognizable.,no-damage; minor-damage,False,There are no indications of complete structural loss or significant damage to the building.,,high,3186.2,17863,direct/gpt-4o-mini,,
socal-fire_00000235,7ebf2f61-a907-4be9-977f-d117dfeb9299,major-damage,no-damage,,Building appears mostly intact with no significant loss of structure.; Roof is still present with minimal visible damage.,no-damage; minor-damage,False,"The building does not meet the criteria for destroyed as there is no rubble, ash, or significant structural loss.",,high,3168.1,17863,direct/gpt-4o-mini,,
socal-fire_00000241,7d8310bc-d815-45b0-a7fe-eb9ecc8a00b7,destroyed,no-damage,,Building still intact with visible structure; No significant roof damage or wall collapse observed,no-damage; minor-damage,False,"The building structure is largely intact, with no complete loss of roof or walls.",,high,3254.9,17848,direct/gpt-4o-mini,,
socal-fire_00000250,2e6e5be1-ad73-4555-ba14-ff682be3fdc5,no-damage,minor-damage,,Some damage visible on the building structure; No complete structural loss evident,minor-damage; major-damage,False,"The building remains standing with some visible damage, but no significant portions are missing or in rubble.",,medium,4257.1,17850,direct/gpt-4o-mini,,
socal-fire_00000255,1192a606-0f61-4889-8a7a-55235d376431,destroyed,no-damage,,No significant structural change observed; Building appears to still be intact; No rubble or debris field present,no-damage; minor-damage,False,The building is intact without major structural loss or signs indicating it is destroyed.,,high,3817.8,17854,direct/gpt-4o-mini,,
socal-fire_00000255,6f5e8d8f-e8ce-478d-b8b6-2de1a39ecc54,destroyed,no-damage,,Building footprint remains recognizable.; No major structural damage visible.; No significant debris around the structure.,no-damage; minor-damage,False,"The building is still standing and intact, showing no signs of complete destruction.",,high,3117.7,17851,direct/gpt-4o-mini,,
socal-fire_00000263,8074deda-03c4-44ac-9f64-95252abe9780,no-damage,no-damage,,Structure appears largely intact; No significant structural collapse visible; Roof shows no evidence of being completely gone,no-damage; minor-damage,False,The building remains structurally intact with no significant indicators of complete loss.,,high,2427.2,17857,direct/gpt-4o-mini,,
socal-fire_00000275,3dbf3c13-e621-4b51-9ed6-3e02efeae92a,no-damage,no-damage,,No visible structural change between images; Target building remains mostly intact; No debris or major damage visible,no-damage; minor-damage,False,"The building shows no signs of destruction, remaining structurally intact and unchanged.",,high,2636.0,17853,direct/gpt-4o-mini,,
socal-fire_00000275,92d2e8ba-9e84-4a25-86d7-a55b25a0f54c,no-damage,no-damage,,No visible structural changes between BEFORE and AFTER images.; The building is clearly standing and mostly intact.,no-damage; minor-damage,False,The building does not exhibit characteristics of complete structural loss.,,high,2429.8,17847,direct/gpt-4o-mini,,
socal-fire_00000276,ab08589f-6151-4bf5-acf3-9d653bc16b8e,major-damage,no-damage,,The building structure appears intact with no visible collapse.; No significant changes in the roof or walls.; Surrounding area remains unchanged.,no-damage; minor-damage,False,The building shows no evidence of major structural damage or destruction.,,high,2831.4,17852,direct/gpt-4o-mini,,
socal-fire_00000276,b78e4650-f1ee-48f1-ba54-3ade5e3ef404,destroyed,no-damage,,Building footprint appears mostly intact.; No significant debris or rubble observed around structure.; Structural features are somewhat preserved in the AFTER image.,no-damage; minor-damage,False,The building remains mostly intact with no substantial signs of complete structural loss.,,medium,2858.2,17862,direct/gpt-4o-mini,,
socal-fire_00000294,0107ac10-c092-44b5-a77d-24840b90d9b3,no-damage,no-damage,,The building appears intact from all sides and is standing.; No signs of significant burn or physical damage.; Surrounding vegetation remains unaffected.,no-damage; minor-damage,False,There are no criteria indicating complete structural loss or major damage.,,high,2734.5,17862,direct/gpt-4o-mini,,
socal-fire_00000300,0d044e0f-0bbd-41a7-8694-07dd81ee8fef,no-damage,no-damage,,No significant structural changes observed between before and after.; The building appears intact with no visible collapse or destruction.,no-damage; minor-damage,False,Both images indicate the structure remains intact with no criteria for destruction met.,,high,3486.8,17856,direct/gpt-4o-mini,,
socal-fire_00000356,dc4d3e4c-b3c4-463b-ac98-91a7453e7ccc,major-damage,major-damage,,Significant portions of the roof are missing.; Large areas of the building footprint appear collapsed.; The structure is no longer recognizable.,major-damage; destroyed,False,"The building footprint shows large portions collapsed but does not fully meet the criteria for destroyed, as some structure remains and the overall footprint is still somewhat identifiable.",,high,3203.1,17877,direct/gpt-4o-mini,,
socal-fire_00000356,097007ae-66c5-473e-af80-fef72d477dc5,no-damage,no-damage,,Structure appears intact with no major visible damage.; Roof and walls are still present with no signs of collapse.; No visible rubble or debris surrounding the building.,no-damage; minor-damage,False,The building remains standing with no significant structural loss or collapse.,,high,3162.0,17861,direct/gpt-4o-mini,,
socal-fire_00000379,c7b9a9d6-989b-4c6d-a41f-b64953158dbf,no-damage,no-damage,,Structure appears intact with slight discoloration.; No significant debris or loss of structural integrity visible.,no-damage; minor-damage,False,No criteria for destroyed were clearly visible as the building remains standing and intact.,,high,4183.3,17854,direct/gpt-4o-mini,,
socal-fire_00000379,dd8b1468-e502-4c2d-8610-c674557c9139,no-damage,no-damage,,No visible structural change between BEFORE and AFTER images.; Building is still standing and appears intact.,no-damage; minor-damage,False,No criteria for destruction are met.,,high,2985.1,17846,direct/gpt-4o-mini,,
socal-fire_00000379,f901995e-c2d1-443c-825b-655cdfeb8cdb,no-damage,no-damage,,Building structure appears intact.; No visible roof loss or collapse.; No debris field detected.,no-damage; minor-damage,False,The building shows no evidence of total destruction and remains standing intact.,,high,2904.0,17853,direct/gpt-4o-mini,,
socal-fire_00000379,792818e4-c8ff-4408-92bc-c131c0c9d82a,no-damage,no-damage,,The building remains standing and mostly intact.; No significant debris or rubble around the building.,no-damage; minor-damage,False,The structure is still recognizable and intact with no evidence of complete structural loss.,,high,2816.8,17853,direct/gpt-4o-mini,,
socal-fire_00000379,05da2747-d94c-4706-bd80-9f45ccde5886,no-damage,no-damage,,No visible structural damage to the building.; The building appears intact with no significant changes.; No debris or burn marks visible around the structure.,no-damage; minor-damage,False,The building has not been reduced to rubble or showed significant structural loss.,,high,2573.7,17864,direct/gpt-4o-mini,,
socal-fire_00000381,908879a9-77b2-4c26-ac30-9ca6098a5e17,destroyed,no-damage,,Building appears largely intact; No visible debris around the structure; Roof and walls seem to be standing,no-damage; minor-damage,False,The building shows no signs of complete structural loss or extensive damage.,,high,2677.6,17847,direct/gpt-4o-mini,,
socal-fire_00000381,c0eda2f8-cf6e-4c0a-8697-a9fc7800c02d,no-damage,no-damage,,No visible structural changes between BEFORE and AFTER images.; The building appears intact with no signs of major damage.,no-damage; minor-damage,False,The evidence does not indicate any significant structural damage or destruction.,,high,2970.8,17854,direct/gpt-4o-mini,,
socal-fire_00000414,d8c59429-3bb4-4cfa-b9c1-f266802ea328,destroyed,no-damage,,Building footprint remains identifiable in the AFTER image.; No rubble or significant debris is present where the building was located.; The structure appears largely intact.,no-damage; destroyed,False,"The building footprint is still recognizable as intact, and there is no significant debris indicating total destruction.",,high,2861.4,17865,direct/gpt-4o-mini,,
socal-fire_00000431,0bb28765-adbb-4947-963e-6b269181e107,no-damage,no-damage,,No major structural changes are observed.; The building footprint appears mostly intact.; No rubble or debris field is visible.,no-damage; minor-damage,False,The building shows no signs of complete structural loss or significant damage.,,high,3351.1,17858,direct/gpt-4o-mini,,
socal-fire_00000431,86c1572f-23f1-42ad-bdf4-684002b0fc33,major-damage,minor-damage,,Scorch marks visible on the ground; Building footprint remains largely intact,minor-damage; no-damage,False,There is no complete structural loss observed; the building footprint is mostly intact with only superficial signs of damage.,,high,2175.1,17851,direct/gpt-4o-mini,,
socal-fire_00000470,5bfe4e7f-5c5a-401a-80c6-f8a96e05ea66,no-damage,no-damage,,No visible structural loss in the footprint; Building appears intact with no significant collapse,no-damage; minor-damage,False,The building remains standing and does not show signs of major structural damage.,,high,2459.2,17851,direct/gpt-4o-mini,,
socal-fire_00000475,cf97eb39-bd4d-4f9c-b101-cf8c3c0888ea,destroyed,major-damage,,Large portions of roof are missing; Walls largely collapsed; Debris field is visible; Structural footprint is significantly altered,major-damage; destroyed,False,The building footprint is not mostly rubble or ash; it still shows recognizable structure.,,high,2477.7,17858,direct/gpt-4o-mini,,
socal-fire_00000482,1e0e0071-1f15-4dac-afe3-5e2c954de4b8,major-damage,major-damage,,Some burn marks visible on the roof.; One structure appears to have roof damage.; The building footprint is still largely intact.,minor-damage; major-damage,False,"While there is evidence of roof damage and burn marks, the building structure is still standing and recognizable.",,medium,2871.2,17862,direct/gpt-4o-mini,,
socal-fire_00000486,23edebaf-9e6a-4429-bad3-246cb368f624,no-damage,destroyed,,Building footprint appears as rubble and debris field.; Roof completely gone exposing interior.; Walls largely collapsed.,destroyed; major-damage,True,,"Criteria for destroyed passed: building footprint is mostly rubble, roof is gone and interior exposed, and walls are largely collapsed.",high,3291.9,17867,direct/gpt-4o-mini,,
socal-fire_00000486,fd5b1082-0503-489f-abb7-113bc8b594f2,no-damage,no-damage,,Building footprint remains intact with no visible rubble.; No significant burn marks or structural collapse observed.; Structure appears largely unaffected.,no-damage; minor-damage,False,The building is still standing and shows no signs of complete loss or significant damage.,,high,3035.6,17862,direct/gpt-4o-mini,,
socal-fire_00000551,eba9b051-5e20-4aba-b305-f595dc2a08a4,no-damage,no-damage,,The building remains standing with no visible structural collapse.; No significant changes in the footprint of the building.; The roof appears mostly intact.,no-damage; minor-damage,False,The building does not show complete structural loss or significant damage characteristic of the destroyed classification.,,high,3141.5,17862,direct/gpt-4o-mini,,
socal-fire_00000551,c9ff41d8-a555-4d05-9dce-541738f13bb7,destroyed,no-damage,,Building appears structurally intact; No visible debris or rubble; No significant changes in structure outline,no-damage; minor-damage,False,The building remains standing with no major structural loss.,,high,3670.3,17852,direct/gpt-4o-mini,,
socal-fire_00000551,b457177d-629d-4e80-9c00-765f95dd2dbf,major-damage,no-damage,,No significant structural changes observed.; Building appears intact with no visible collapse.; No debris or ash noted around the structure.,no-damage; minor-damage,False,The building remains structurally intact and no criteria for destroyed were met.,,high,4021.5,17860,direct/gpt-4o-mini,,
socal-fire_00000558,e30f5727-8495-42c2-b431-0f0573810ef8,no-damage,no-damage,,No visible structural change between BEFORE and AFTER images.; Building footprint remains intact.,no-damage; minor-damage,False,The building shows no signs of structural loss or damage.,,high,3156.3,17842,direct/gpt-4o-mini,,
socal-fire_00000614,06e4fd08-b43d-4a7b-9ccb-624b69dd5411,no-damage,no-damage,,The structure remains standing with no visible destruction.; No significant changes in the roof or walls.; The building footprint looks relatively the same.,no-damage; minor-damage,False,The building remains intact without significant structural damage.,,high,3497.8,17849,direct/gpt-4o-mini,,
socal-fire_00000614,aedb543c-158a-4e91-9be0-5a58bc358792,no-damage,no-damage,,Building shape remains visible in the after image.; No significant debris field observed.; Structure appears mostly intact.,no-damage; minor-damage,False,"The building footprint is recognizable and intact, with no evidence of total destruction.",,high,4481.3,17858,direct/gpt-4o-mini,,
socal-fire_00000637,73cf80e4-e54a-428e-857f-734e0de5bf31,no-damage,no-damage,,Building appears intact with no visible structural loss.; No significant burn marks or debris around the structure.,no-damage; minor-damage,False,There is no evidence of complete structural loss or significant damage.,,high,2673.2,17852,direct/gpt-4o-mini,,
socal-fire_00000684,eebb7cfc-7571-45e5-9211-5b1cd17b07f5,major-damage,minor-damage,,Roof appears intact with minor discoloration; Building structure remains recognizable; No significant debris around the foundation,minor-damage; major-damage,False,"The building remains intact without significant structural loss, and the roof is not missing.",,medium,2910.5,17854,direct/gpt-4o-mini,,
socal-fire_00000685,be660eef-a8b7-4f64-90e0-f3f044538100,destroyed,no-damage,,Building structure still visible and recognizable.; No significant evidence of roof or wall collapse.; No rubble or debris indicating a complete loss.,no-damage; minor-damage,False,The building appears intact with no major structural loss or collapse.,,high,4755.7,17860,direct/gpt-4o-mini,,
socal-fire_00000696,61a4935e-b28f-458e-b989-06dc6cf64c3c,no-damage,no-damage,,Building structure appears intact; No visible debris or collapse,no-damage; minor-damage,False,The building structure remains standing and shows no significant signs of damage.,,high,3193.7,17835,direct/gpt-4o-mini,,
socal-fire_00000696,69970fc8-50f0-4adc-aacc-eced5c0895fc,no-damage,no-damage,,Building structure appears intact with no visible collapse.; Roof seems to be physically present without significant damage.,no-damage; minor-damage,False,"The building maintains its structural integrity, and there is no evidence of complete loss or severe damage.",,high,3371.0,17859,direct/gpt-4o-mini,,
socal-fire_00000696,b6c95005-3679-4c2a-9eff-2ab8dc056af6,no-damage,no-damage,,The building appears mostly intact with no significant structural changes visible.; No signs of collapse or debris around the building.,no-damage; minor-damage,False,The building remains standing and shows no major signs of damage.,,high,4329.4,17850,direct/gpt-4o-mini,,
socal-fire_00000696,33c2e59f-0098-4774-8d94-8b093d8d5c82,no-damage,no-damage,,Building structure remains intact; No significant collapse visible in the walls; No roof debris observed,no-damage; minor-damage,False,The destroyed gate criteria were not met as the building remains standing and recognizable.,,high,4448.2,17856,direct/gpt-4o-mini,,
socal-fire_00000696,7132ef2b-c2da-4203-91cd-5aafcd0b7e95,no-damage,no-damage,,No significant structural loss visible.; Building footprint appears mostly intact.; No evidence of rubble or ash around the structure.,no-damage; minor-damage,False,The building shows no criteria for destruction such as complete foundation loss or collapsed walls.,,high,3342.3,17861,direct/gpt-4o-mini,,
socal-fire_00000713,63369247-43ab-495c-83d2-4936abe2e6ea,destroyed,minor-damage,,Roof appears partially intact.; No visible debris field around the structure.; Building footprint mostly recognizable.,minor-damage; major-damage,False,The building maintains its footprint and roof is still mostly intact.,,high,3479.1,17848,direct/gpt-4o-mini,,
socal-fire_00000749,dbf25044-f8c8-498b-8369-c9cd1fad1beb,major-damage,minor-damage,,No major structural collapse observed.; The building appears mostly intact with some signs of wear.; No rubble or ash indicating complete destruction.,minor-damage; no-damage,False,The building maintains its overall structure and does not meet the criteria for destroyed.,,high,3366.1,17859,direct/gpt-4o-mini,,
socal-fire_00000749,2a30c0af-772c-49ca-8724-0547a911924e,no-damage,no-damage,,Building structure remains intact with no visible rubble.; No significant damage to the roof or walls.; Structure still recognizable and standing.,no-damage; minor-damage,False,"The building remains intact with no signs of complete loss, such as rubble or significant wall collapse.",,high,4813.3,17866,direct/gpt-4o-mini,,
socal-fire_00000753,4d8dc46a-3f78-4617-a46f-126f238645d9,no-damage,no-damage,,Structure outline remains intact; No visible debris or rubble; No significant structural changes observed,no-damage; minor-damage,False,The building structure remains identifiable and intact with no signs of complete loss or significant damage.,,high,3030.2,17857,direct/gpt-4o-mini,,
socal-fire_00000753,3f2defbb-5bef-4ff1-82ac-937747ab0f94,no-damage,no-damage,,,no-damage; minor-damage,False,No visible structural changes between the BEFORE and AFTER images.,,high,3708.9,17826,direct/gpt-4o-mini,,
socal-fire_00000783,ae181fc4-2cfd-4e01-bc86-5efc871ae9ad,no-damage,no-damage,,Building structure remains intact; Roof is mostly unchanged; No visible collapse or significant damage,no-damage; minor-damage,False,"No criteria for destroyed were met, as the building structure is intact and roof remains.",,high,4071.2,17852,direct/gpt-4o-mini,,
socal-fire_00000854,9ad6d498-3188-4f61-a8af-e190d19dfeb2,no-damage,no-damage,,No significant structural changes observed between images.; Building appears intact with no visible collapse or debris.,no-damage; minor-damage,False,The building shows no signs of complete loss or structural changes.,,high,2828.4,17851,direct/gpt-4o-mini,,
socal-fire_00000877,e64a4af6-62e0-4f32-909f-7c057c244e49,no-damage,no-damage,,Building still recognizable in AFTER image.; No significant structural loss observed.; No rubble or debris field around the building.,no-damage; minor-damage,False,The structure remains standing and does not meet the criteria for destroyed.,,high,4783.5,17854,direct/gpt-4o-mini,,
socal-fire_00000877,f578fff6-2c33-45d9-92bb-45050c29d04c,no-damage,major-damage,,Roof partially affected; Some structural elements remain standing; Scorch marks nearby,major-damage; destroyed,False,The building still has recognizable structure and does not meet the criteria for complete structural loss.,,medium,3486.0,17850,direct/gpt-4o-mini,,
socal-fire_00000877,172e1620-a7e1-40be-83bc-a05fcd852d19,no-damage,no-damage,,Structure outline remains visible; No significant loss of roof or walls,no-damage; minor-damage,False,The building structure remains intact without major structural damage or complete loss.,,high,3322.6,17843,direct/gpt-4o-mini,,
socal-fire_00000879,43cdd927-92cc-46cf-87a2-2f9ca8c74a39,no-damage,no-damage,,Building structure remains visible and intact.; There are no signs of significant collapse or destruction.,no-damage; minor-damage,False,The building structure is still standing and shows no complete loss or significant damage.,,high,8685.1,17849,direct/gpt-4o-mini,,
socal-fire_00000879,d81d3e45-f2d4-49e6-9459-54d2dfbeab4f,no-damage,no-damage,,No visible structural changes between images; Building footprint remains intact; No signs of significant damage or debris,no-damage; minor-damage,False,The building shows no evidence of destruction; it remains intact with no visible damage.,,high,3228.8,17855,direct/gpt-4o-mini,,
socal-fire_00000882,9fe5fc21-1bf7-4b73-bb40-af3323d97f3c,no-damage,minor-damage,,Roof appears partially intact; No significant rubble or debris field visible; Structure still recognizable,minor-damage; major-damage,False,"Insufficient criteria met for destruction, as the building is still standing with a mostly intact roof and no evidence of major structural collapse.",,high,1224.6,17861,direct/gpt-4o-mini,,
socal-fire_00000882,e712b151-104f-4182-ae3a-7eb6299e677e,no-damage,major-damage,,Large portions of the roof are missing; Significant structural damage visible; Walls show signs of collapse,major-damage; destroyed,False,"The building is still partially standing, although heavily damaged.",,high,2752.8,17853,direct/gpt-4o-mini,,
socal-fire_00000885,3411921c-d9b8-428a-94d9-2ab90142371c,no-damage,no-damage,,No significant structural changes are visible between the images.; The building outline appears unchanged.; No signs of burn or debris are evident.,no-damage; minor-damage,False,"The observations indicate that the structure is intact, with no significant damage noted.",,high,4618.1,17858,direct/gpt-4o-mini,,
socal-fire_00000885,cb7b7bdd-531e-468b-9dbc-d93c9a539d70,destroyed,major-damage,,Roof is partially collapsed.; Walls show signs of severe charring.; Interior is exposed in several areas.,major-damage; destroyed,False,"The building footprint is still recognizable, and there is not enough debris to indicate complete destruction.",,high,3851.1,17855,direct/gpt-4o-mini,,
socal-fire_00000885,7ea22722-b10d-41e6-b705-98083909b8fa,no-damage,no-damage,,The building appears mostly intact.; No visible structural changes have occurred.; The overall footprint of the building remains the same.,no-damage; minor-damage,False,"No criteria for destruction were met, as the building shows no evidence of major structural damage.",,high,3663.3,17860,direct/gpt-4o-mini,,
socal-fire_00000889,6b244901-5ad3-47f3-9a70-0afe182363b7,major-damage,minor-damage,,Roof appears intact with some discoloration.; No visible structural collapse or significant debris around.; Building footprint remains recognizable as standing structure.,minor-damage; major-damage,False,The building structure remains mostly intact with no major evidence of collapse or complete loss.,,medium,3863.7,17855,direct/gpt-4o-mini,,
socal-fire_00000889,dfefc09e-7e9d-4f13-90ec-505ba596bd1c,major-damage,minor-damage,,Roof partially affected in the AFTER image.; Scorch marks visible around the perimeter.,minor-damage; major-damage,False,"The building remains structurally standing, and although there is some damage, it does not meet the criteria for destruction.",,high,4767.8,17860,direct/gpt-4o-mini,,
socal-fire_00000889,4f04ec7d-91dc-44d4-a778-d332049698a6,major-damage,no-damage,,No significant structural changes observed between the images.; Building appears largely intact with no visible collapse.; No debris field or rubble around the building.,no-damage; minor-damage,False,The building shows no significant signs of damage or destruction; it remains mostly intact.,,high,4446.8,17862,direct/gpt-4o-mini,,
socal-fire_00000889,c92b7fdd-b734-4ac3-82bc-32f76328046a,minor-damage,minor-damage,,The building structure appears mostly intact.; No significant loss of roof or walls observed.; Some minor scorch marks visible on the surface.,no-damage; minor-damage,False,The building shows no signs of complete structural loss or significant collapse.,,medium,2504.4,17861,direct/gpt-4o-mini,,
socal-fire_00000889,8d22d4fc-a1b0-4121-8e01-585ff1f9d208,minor-damage,no-damage,,Building appears intact; No significant structural loss visible,no-damage; minor-damage,False,The building shows no visible structural change between the BEFORE and AFTER images.,,high,3858.5,17835,direct/gpt-4o-mini,,
socal-fire_00000889,86572064-f21a-4b70-be0d-dca945e6ecd3,major-damage,minor-damage,,Roof shows some discoloration; No significant structural loss visible; Building footprint remains intact,minor-damage; no-damage,False,The building remains standing with no evidence of total structural loss or significant collapse.,,medium,4279.2,17851,direct/gpt-4o-mini,,
socal-fire_00000893,c09a8a5a-9853-4ebf-b792-9d7d6bdba713,no-damage,minor-damage,,"Partial roof visible in AFTER image.; Structure remains recognizable, but shows signs of damage.",minor-damage; major-damage,False,"The building footprint is mostly intact and recognizable, with no complete loss of structure.",,medium,3918.5,17850,direct/gpt-4o-mini,,
socal-fire_00000894,dfda6e4c-4b69-4efd-96fd-47b2781c1bac,no-damage,no-damage,,Structure appears mostly intact; No significant debris or ash present; Building footprint is recognizable,no-damage; minor-damage,False,The structure remains standing and recognizable without significant damage.,,high,2901.2,17846,direct/gpt-4o-mini,,
socal-fire_00000898,2ab7654e-6573-472a-88ea-e623ac6aa19d,no-damage,no-damage,,The building structure is mostly intact.; No significant debris or ash observed around the building.; The roof appears to be largely undamaged.,no-damage; destroyed,False,The building remains intact with no visible signs of complete structural loss.,,high,3895.5,17856,direct/gpt-4o-mini,,
socal-fire_00000898,965febb8-f137-4451-b092-006c61b9194f,destroyed,major-damage,,Large portions of the structure are missing.; Significant debris field around the footprint.; Walls appear partially collapsed.,major-damage; destroyed,False,The building footprint does not appear mostly rubble or missing; it's heavily damaged but still somewhat recognizable.,,high,5391.7,17858,direct/gpt-4o-mini,,
socal-fire_00000898,6cf80a16-c272-4d58-a9e2-548cde55cba5,no-damage,no-damage,,Building appears mostly intact with no significant structural loss.; No visible debris or ash surrounding the structure.; Overall shape and footprint of the building remain recognizable.,no-damage; minor-damage,False,The building shows no signs of complete structural loss; it remains standing and intact.,,high,2243.2,17864,direct/gpt-4o-mini,,
socal-fire_00000898,5d405228-e59b-41c3-b258-fc256b6f5f1a,no-damage,no-damage,,No visible structural change between BEFORE and AFTER images.; Target building appears intact with no significant damage.,no-damage; minor-damage,False,The building structure remains largely intact with no signs of severe damage.,,high,11673.6,17848,direct/gpt-4o-mini,,
socal-fire_00000898,b37ffa1d-1667-44df-8fe6-220b9259b40f,no-damage,no-damage,,Building remains intact with no significant structural damage visible; No large portions of the roof missing or collapsed; No visible debris or signs of fire damage in the immediate area,no-damage; minor-damage,False,"The building structure appears mostly intact without significant damage, failing the destroyed criteria.",,high,4242.6,17866,direct/gpt-4o-mini,,
socal-fire_00000922,160ce021-979c-43fc-8ecc-945c99bd27dc,destroyed,no-damage,,Building footprint is recognizable in both images.; No major structural elements missing in the AFTER image.,no-damage; minor-damage,False,The building appears intact and standing; no criteria for destruction were met.,,high,2323.6,17848,direct/gpt-4o-mini,,
socal-fire_00000929,27b6c3b8-4630-4a84-a0d1-c3072ffdf44c,no-damage,no-damage,,No visible structural change between BEFORE and AFTER images.; Structure appears intact with no significant loss.,no-damage; minor-damage,False,The building shows no signs of complete structural loss or significant damage.,,high,3348.6,17852,direct/gpt-4o-mini,,
socal-fire_00000929,d5a9f6b8-dcfc-4b8c-a3c8-1c5fd085bbdd,no-damage,no-damage,,Building structure remains intact; No visible change in overall footprint; No evidence of significant damage or debris,no-damage; minor-damage,False,The building remains standing and intact without significant structural loss.,,high,2618.3,17849,direct/gpt-4o-mini,,
socal-fire_00000929,1fe3862d-03d5-4c00-86a8-94f013c8dd3c,no-damage,no-damage,,Building structure appears intact.; No visible debris surrounding the building.,no-damage; minor-damage,False,The building remains standing without significant structural loss.,,high,1858.7,17842,direct/gpt-4o-mini,,
socal-fire_00000930,63c3e094-9aac-4f12-9846-21fbead8650b,minor-damage,no-damage,,Building structure appears intact with no visible collapse.; No significant debris or rubble surrounding the building.; Roof shows no signs of major damage or loss.,no-damage; minor-damage,False,"The building structure remains intact without significant damage or collapse, and does not meet the criteria for 'destroyed.'",,high,2912.2,17870,direct/gpt-4o-mini,,
socal-fire_00000930,5a9f5218-7dae-4dda-bdb9-6d476746cc54,minor-damage,no-damage,,Building structure appears intact; No visible debris surrounding the building,no-damage; minor-damage,False,The building shows no signs of significant damage or structural loss.,,high,1962.5,17835,direct/gpt-4o-mini,,
socal-fire_00000930,534def57-fbec-4ac4-805d-23649d39d957,minor-damage,no-damage,,No visible structural collapse; Building footprint remains unchanged; Roof appears intact; No significant debris around the structure,no-damage; minor-damage,False,The destroyed gate criteria were not met as there is no structural loss or collapse visible in the AFTER image.,,high,11268.5,17867,direct/gpt-4o-mini,,
socal-fire_00000930,32259e9d-961b-4721-b0fb-6d01d5cc4db0,major-damage,minor-damage,,Roof appears partially charred.; Some structural elements are still standing.; Scorch marks visible on the building's surface.,minor-damage; major-damage,False,The building shows signs of damage but remains mostly intact and recognizable.,,medium,1516.2,17859,direct/gpt-4o-mini,,
socal-fire_00000930,c049860c-a2ef-4651-8c8e-6f226f7f4a9c,major-damage,no-damage,,Building appears mostly intact.; No significant structural damage observed.; Surrounding area shows no signs of drastic changes.,no-damage; minor-damage,False,The building structure remains recognizable and no criteria for destroyed were met.,,high,2298.5,17853,direct/gpt-4o-mini,,
socal-fire_00000930,5426d9b9-524f-4872-97da-1375b64fe148,major-damage,no-damage,,Building structure is still recognizable; Minimal signs of damage observed; No significant change in footprint,no-damage; minor-damage,False,The building remains standing and intact with no visible signs of complete structural loss.,,high,2735.0,17851,direct/gpt-4o-mini,,
socal-fire_00000937,a7bb72d8-5784-4cd7-86c9-7267d396be0c,minor-damage,no-damage,,No visible structural change between BEFORE and AFTER images.; The building appears mostly intact.; Roof and walls have no sign of collapse.,no-damage; minor-damage,False,The destroyed gate failed because there are no signs of significant structural damage or complete loss.,,high,2115.1,17865,direct/gpt-4o-mini,,
socal-fire_00000937,0ab7b5fe-2724-4a5f-860f-2816535b4eec,minor-damage,no-damage,,No visible structural change between BEFORE and AFTER images.; The building appears mostly intact with no significant damage.,no-damage; minor-damage,False,The building does not exhibit signs of complete structural loss or significant damage.,,high,11549.0,17855,direct/gpt-4o-mini,,
socal-fire_00000937,279d695b-b397-4bd2-911a-ade3ded9ec61,minor-damage,no-damage,,The building's structure appears intact with no significant loss.; No large sections of the roof or walls are missing.; The general shape of the building remains recognizable.,no-damage; minor-damage,False,The building has not collapsed and maintains its structural integrity.,,high,2043.3,17860,direct/gpt-4o-mini,,
socal-fire_00000937,c7d252f7-f166-448c-a80c-2e5e122f7a76,major-damage,no-damage,,Building footprint appears mostly intact.; No significant structural collapse visible.; Only slight discoloration observed.,no-damage; minor-damage,False,The building remains standing and intact without major structural loss.,,high,2238.4,17848,direct/gpt-4o-mini,,
socal-fire_00000937,1453e29e-30c4-4711-bdd0-4b4d15882a76,major-damage,no-damage,,No structural collapse visible; Building footprint remains intact; No significant debris around,no-damage; minor-damage,False,The building shows no signs of complete loss; the structure appears intact.,,high,2410.2,17852,direct/gpt-4o-mini,,
socal-fire_00000937,6f94a0aa-08b6-4cc8-8a24-037d42eaf6d0,major-damage,no-damage,,Building remains intact with no visible ash or rubble; No significant structural changes observed; Overall shape of the building is recognizable,no-damage; minor-damage,False,"The building shows no signs of complete loss, such as rubble or major structural damage.",,high,3071.2,17859,direct/gpt-4o-mini,,
socal-fire_00000942,8f942e56-c60f-4b66-9058-6384ca1e028a,no-damage,no-damage,,No visible structural changes between images.; Structure appears intact with no signs of burning or damage.,no-damage; minor-damage,False,There are no criteria visible in the AFTER image to indicate complete structural loss.,,high,2403.3,17849,direct/gpt-4o-mini,,
socal-fire_00000942,e3da61a6-1409-4a25-981d-50e08b6d3ee3,destroyed,major-damage,,Roof appears partially missing; Significant debris around the structure; Structure footprint still recognizable,major-damage; destroyed,False,"The building does not meet the criteria for destroyed, as it is still standing and recognizable despite damage.",,medium,4075.6,17854,direct/gpt-4o-mini,,
socal-fire_00000956,1209d2a6-d5c6-488d-9b9f-48e17658acd4,no-damage,no-damage,,No structural collapse observed; Building footprint appears intact; No evidence of roof or wall damage,no-damage; minor-damage,False,The building shows no signs of damage or destruction in the AFTER image.,,high,2004.5,17846,direct/gpt-4o-mini,,
socal-fire_00000956,7481349b-2045-46c4-aba5-b830da757332,major-damage,no-damage,,Building structure appears mostly intact.; No major portions of the roof missing.; No signs of heavy burn or charring.,minor-damage; no-damage,False,The building remains mostly intact with no significant structural loss.,,high,12323.0,17857,direct/gpt-4o-mini,,
socal-fire_00001008,a16bc4c7-5e67-416d-8e54-6d2f4d66fb2b,no-damage,minor-damage,,Some debris visible near the building footprint.; Roof appears partially damaged.; Structure remains standing.,minor-damage; major-damage,False,"The building structure is still standing and recognizable. Only partial roof damage is observed, not meeting the criteria for destruction.",,medium,2143.2,17863,direct/gpt-4o-mini,,
socal-fire_00001018,a4a1d9c5-75c1-45c4-a004-e9b5c66f0473,no-damage,no-damage,,No visible structural change between BEFORE and AFTER images.; Structure remains intact and recognizable.,no-damage; minor-damage,False,"The building shows no criteria for being classified as destroyed, as it appears mostly intact without significant damage.",,high,2088.2,17857,direct/gpt-4o-mini,,
socal-fire_00001022,569a7f7c-a7e2-4cc6-9307-e34bdf797385,destroyed,major-damage,,Building footprint shows significant debris and rubble.; Roof appears to be mostly gone with exposed interiors in many areas.,major-damage; destroyed,False,"The building footprint is not completely rubble, and parts of the structure remain identifiable.",,high,2744.1,17852,direct/gpt-4o-mini,,
socal-fire_00001046,8f772588-2492-4526-9385-3013935312c6,major-damage,no-damage,,Building footprint appears mostly intact; No structural rubble or debris evident; Building shape is still recognizable,no-damage; destroyed,False,The destroyed gate criteria were not met; structural integrity is largely preserved.,,high,1896.4,17850,direct/gpt-4o-mini,,
socal-fire_00001046,ff741887-4030-49d1-9f27-882de6b8f105,major-damage,no-damage,,No visible structural change between BEFORE and AFTER images.; Building footprint is intact.,no-damage; minor-damage,False,The criteria for destruction were not met as the structure appears to be intact.,,high,2712.4,17847,direct/gpt-4o-mini,,
socal-fire_00001061,c783919f-58a2-42cc-975f-7fa579ae240f,major-damage,major-damage,,Partial roof collapse observed.; Visible burn marks around the structure.; Structure remains standing but shows significant damage.,major-damage; minor-damage,False,"The building is still recognizable as a structure, with only portions damaged but not completely collapsed or reduced to rubble.",,medium,2235.8,17860,direct/gpt-4o-mini,,
socal-fire_00001061,cf222800-7a30-4dae-8fe6-1d708bb221aa,major-damage,no-damage,,Building structure appears intact with no significant loss.; No visible rubble or debris around the building.; Roof and walls remain largely undamaged.,no-damage; minor-damage,False,The building shows no significant structural loss or damage.,,high,12118.7,17854,direct/gpt-4o-mini,,
socal-fire_00001061,988a2124-ad94-4821-bb5c-8c07f87afe51,major-damage,no-damage,,No significant structural changes observed; Building footprint remains intact; No visible damage or debris around,no-damage; minor-damage,False,There are no criteria indicating complete structural loss or significant damage.,,high,2231.9,17848,direct/gpt-4o-mini,,
socal-fire_00001061,c89a4019-57c4-42d8-8512-4bdaaaed972a,no-damage,no-damage,,Building structure remains intact; Roof appears unchanged; No visible rubble or debris around the building,no-damage; minor-damage,False,The structure remains intact without significant damage or loss of components.,,high,2478.0,17848,direct/gpt-4o-mini,,
socal-fire_00001074,98964791-0252-4769-a151-a4c67832ce3c,no-damage,no-damage,,Building structure appears intact with no visible debris around.; No significant structural changes between the two images.; Roof and walls are still visibly standing.,no-damage; minor-damage,False,The destroyed criteria were not met as the building remains mostly intact with no evidence of complete structural loss.,,high,2459.2,17865,direct/gpt-4o-mini,,
socal-fire_00001114,dd24718e-06d2-4f79-a276-0711f92b661c,no-damage,minor-damage,,Roof appears mostly intact with some color differences; Building structure still recognizable as standing; No significant debris field around the building,minor-damage; no-damage,False,The building shows no signs of complete structural loss or substantial collapse.,,high,2133.0,17860,direct/gpt-4o-mini,,
socal-fire_00001128,34a21b36-8064-460d-aa02-9034317893bc,minor-damage,minor-damage,,The building structure appears partially intact.; Some surface alterations are noticeable.; No complete loss of roof or walls is evident.,minor-damage; no-damage,False,The building has not shown any criteria that would indicate it is destroyed.,,medium,3133.4,17856,direct/gpt-4o-mini,,
socal-fire_00001141,e0bb7299-478a-4527-a222-b150cb5e5973,no-damage,no-damage,,Building remains intact; No visible structural loss; No debris or rubble around the building,no-damage; minor-damage,False,The building is still standing with no evidence of significant structural damage or loss.,,high,3153.6,17855,direct/gpt-4o-mini,,
socal-fire_00001141,47c1d046-21d4-4827-8bc3-c9429205847b,major-damage,no-damage,,No significant structural changes observed.; Building footprint remains intact.; No debris or visible damage to the structure.,no-damage; minor-damage,False,"The destroyed criteria were not met, as the building remains intact with no structural loss evident.",,high,11419.6,17861,direct/gpt-4o-mini,,
socal-fire_00001172,f034b77b-f088-47a7-9921-b66fe2306c4d,no-damage,no-damage,,Building structure remains intact; No significant debris surrounding the building; Roof appears mostly unaffected,no-damage; minor-damage,False,"The building is still standing with no visible structural loss or rubble, failing the criteria for destruction.",,high,2362.3,17854,direct/gpt-4o-mini,,
socal-fire_00001188,86a904a7-6cdd-4d9b-a6fa-1ce8434eb528,no-damage,no-damage,,Building footprint remains recognizable.; No significant debris or rubble observed.; Structure appears mostly intact.,no-damage; minor-damage,False,"The building is still standing and recognizable, with no criteria for 'destroyed' met.",,high,2512.3,17858,direct/gpt-4o-mini,,
socal-fire_00001213,d7f767ae-a33c-430e-ba5b-83664aefd640,no-damage,no-damage,,No visible structural change between BEFORE and AFTER images.; Building appears mostly intact.,no-damage; minor-damage,False,The building shows no signs of structural damage or significant alteration.,,high,2200.4,17844,direct/gpt-4o-mini,,
socal-fire_00001213,551043bd-5563-4310-a3df-0b7bdf8aa23d,no-damage,no-damage,,Structure remains standing with no visual loss of major parts.; Roof appears largely intact with no significant damage.; No visible debris or collapse around the building.,no-damage; minor-damage,False,The structure remains intact and shows no signs of significant collapse or loss.,,high,2789.7,17866,direct/gpt-4o-mini,,
socal-fire_00001214,12866962-4bb8-40b4-9d3a-5243f6edc9c4,major-damage,minor-damage,,Roof appears partially intact with some discoloration.; Some debris is visible around the building.; Structure still retains its footprint.,minor-damage; major-damage,False,The building structure is mostly standing with no significant collapse or complete destruction evident.,,medium,2138.7,17861,direct/gpt-4o-mini,,
socal-fire_00001230,2fde1549-ce7e-4d39-a127-50bf2e96a966,major-damage,major-damage,,Large portions of the roof are missing; Significant debris field is visible; Walls are partially collapsed,major-damage; destroyed,False,"Not enough criteria for destroyed; the building footprint is not mainly rubble, and there's still structure remaining.",,high,3485.6,17857,direct/gpt-4o-mini,,
socal-fire_00001230,dadc7c8f-04c5-498a-850e-3aeacb1bea5f,major-damage,no-damage,,Building structure is still recognizable.; No significant portions of roof or walls are missing.,no-damage; minor-damage,False,The building remains structurally intact with only minor changes.,,high,4319.0,17843,direct/gpt-4o-mini,,
socal-fire_00001230,e75263d6-5704-4e7e-b36b-7fd4f3945290,no-damage,no-damage,,Structure remains intact with no visible collapse.; No significant scorch marks or debris around the building.; Roof appears mostly intact with only minor discoloration.,no-damage; minor-damage,False,The destroyed gate criteria were not met as the structure is still standing and mostly intact.,,high,3184.2,17863,direct/gpt-4o-mini,,
socal-fire_00001230,b5637703-716f-4d38-bb7b-486032e16177,no-damage,no-damage,,The building appears largely intact with no major structural losses.; No visible debris field or significant damage observed.; All walls and roof structures remain largely intact.,no-damage; minor-damage,False,The building retains its structural integrity without major damage or loss.,,high,10994.1,17860,direct/gpt-4o-mini,,
socal-fire_00001236,2b0bb2f8-a754-4fd9-b610-e934ea760e34,no-damage,no-damage,,Building appears intact with no visible structural loss.; Roof structure seems unchanged from before.; No debris or significant damage observed around the building.,no-damage; minor-damage,False,The building remains standing without significant structural damage.,,high,1719.3,17853,direct/gpt-4o-mini,,
socal-fire_00001236,9db4120e-4e7a-47e5-bbf3-96e6f2fc6690,no-damage,no-damage,,Building structure appears intact.; No significant collapses or destruction visible.; Roof largely unaffected.,no-damage; minor-damage,False,The building remains standing with no major structural loss.,,high,2191.7,17846,direct/gpt-4o-mini,,
socal-fire_00001236,a2a23518-a59e-41dc-8795-a153908d05ff,no-damage,no-damage,,Building structure remains intact; No visible collapse or rubble observed,no-damage; minor-damage,False,The structure is still standing and shows no significant damage.,,high,1899.7,17834,direct/gpt-4o-mini,,
socal-fire_00001236,438a7866-e733-47b5-86fe-2bb45a077732,no-damage,no-damage,,Building structure remains intact; No visible substantial damage or debris; Building footprint recognizable,no-damage; minor-damage,False,The building is still standing with no clear signs of total loss.,,high,3237.2,17848,direct/gpt-4o-mini,,
socal-fire_00001246,bb9c34b3-6ba1-4d53-bb92-87de624359e3,no-damage,no-damage,,Building structure appears intact with no significant loss of material.; No debris or rubble observed around the building footprint.,no-damage; minor-damage,False,The building structure remains standing and recognizable without significant material loss.,,high,11326.8,17849,direct/gpt-4o-mini,,
socal-fire_00001246,9ecde140-f8f7-4112-af46-2ba264a63630,no-damage,no-damage,,The structure appears mostly intact.; No major portions of the roof are missing.; There are no signs of collapse or severe damage.,no-damage; minor-damage,False,The building structure is still standing and does not show significant damage.,,high,2207.8,17861,direct/gpt-4o-mini,,
socal-fire_00001246,be130e24-33d8-4581-80ec-1008c9823491,destroyed,no-damage,,Building still mostly intact in after image.; No signs of heavy damage like collapse or total loss.,no-damage; minor-damage,False,The building shows no criteria for being classified as destroyed.,,high,2122.2,17847,direct/gpt-4o-mini,,
socal-fire_00001252,f04294fe-9681-42b4-a44f-24a9b9ab6c7a,no-damage,no-damage,,Building structure remains intact.; No significant roof damage visible.; No debris field around the building.,no-damage; minor-damage,False,The building structure is still standing and there is no complete loss of roof or walls.,,high,2365.4,17858,direct/gpt-4o-mini,,
socal-fire_00001252,273b8ed0-4a87-44c4-b0db-57e49a25bbf1,destroyed,no-damage,,No visible structural change between BEFORE and AFTER images.; The building appears mostly intact.,no-damage; minor-damage,False,The building's footprint is still recognizable and no major structural damage is evident.,,high,2514.9,17848,direct/gpt-4o-mini,,
socal-fire_00001252,f9c41c05-18ff-46cc-9120-7418e1cea6b4,minor-damage,no-damage,,Building structure appears intact in both images.; No significant loss of roof or wall structure.; No debris or signs of severe damage in the AFTER image.,no-damage; minor-damage,False,The building shows no signs of complete loss or significant structural damage.,,high,3005.3,17860,direct/gpt-4o-mini,,
socal-fire_00001267,42c2770a-97ad-46ac-bb33-5b096fbd9d72,no-damage,no-damage,,Building structure remains intact; No visible debris or rubble; No significant change in shape or footings,no-damage; minor-damage,False,The building structure is mostly intact with no signs of collapse or debris.,,high,3643.3,17853,direct/gpt-4o-mini,,
socal-fire_00001267,8a590ec0-a42c-4f25-b845-0b385ed30c4e,no-damage,no-damage,,Building structure is intact without major visible damage; Roof appears unaffected with no major debris around,no-damage; minor-damage,False,The building structure is still standing and there are no signs of significant damage or collapse.,,high,11925.9,17852,direct/gpt-4o-mini,,
socal-fire_00001267,f4a89ec2-a70a-4d73-a53a-3fb139db05e9,destroyed,minor-damage,,Building still standing; Visible structural integrity remains; No large portions of roof missing; No rubble indicating complete loss,minor-damage; no-damage,False,The building remains standing with no evidence of complete structural loss.,,medium,2297.8,17855,direct/gpt-4o-mini,,
socal-fire_00001267,65d2c71c-c2c1-4d8a-bee7-b9cb58f8e939,no-damage,no-damage,,No significant structural change visible; Building appears mostly intact; No rubble or debris indicating destruction,no-damage; minor-damage,False,The building remains standing with no significant damage evident.,,high,1872.0,17846,direct/gpt-4o-mini,,
socal-fire_00001267,a69b5ba9-6397-463a-96a7-0b2aaee6bc65,destroyed,no-damage,,Building footprint remains recognizable; No significant collapse observed,no-damage; destroyed,False,The building footprint is still intact and recognizable.,,high,2450.6,17829,direct/gpt-4o-mini,,
socal-fire_00001267,a6f11c25-fa38-4915-bd16-1cd9b2e0d856,no-damage,no-damage,,Building structure appears mostly intact with visible features.; No major collapse or complete destruction observed.,no-damage; minor-damage,False,The building has not experienced significant structural loss or collapse.,,high,2220.3,17849,direct/gpt-4o-mini,,
socal-fire_00001372,c0e58b05-a6d1-4e8d-a3c5-93835d7d5664,no-damage,no-damage,,No visible structural loss or major damage seen in the AFTER image.; The building footprint appears mostly intact.; No evidence of collapsed walls or roof.,no-damage; minor-damage,False,The building is largely intact with no significant structural damage observed.,,high,2934.1,17858,direct/gpt-4o-mini,,
